

INSERT INTO "user" (id, name, login, password) VALUES
('10000000-0000-0000-0000-000000000001', 'User 1', 'user1', '$2b$12$fCl5SumdCUWi4/xvO3r3Oe.lGUXxwDqZdM997XB6IBAuqEjO4aq.2'),
('10000000-0000-0000-0000-000000000002', 'User 2', 'user2', '$2b$12$fCl5SumdCUWi4/xvO3r3Oe.lGUXxwDqZdM997XB6IBAuqEjO4aq.2');

INSERT INTO workspace (id, name, created_at, updated_at, deleted_at, created_by, updated_by) VALUES
('10000000-0000-0000-0000-000000000001', 'Workspace 1', '2025-11-01 10:30:00', '2025-11-01 10:31:00', null, '10000000-0000-0000-0000-000000000001', '10000000-0000-0000-0000-000000000001'),
('10000000-0000-0000-0000-000000000002', 'Workspace 2', '2025-11-01 10:30:00', '2025-11-01 10:31:00', null, '10000000-0000-0000-0000-000000000001', '10000000-0000-0000-0000-000000000001'),
('10000000-0000-0000-0000-000000000003', 'Workspace 3', '2025-11-01 10:30:00', '2025-11-01 10:31:00', '2025-11-01 10:32:00', '10000000-0000-0000-0000-000000000001', '10000000-0000-0000-0000-000000000001');

INSERT INTO workspace_has_user (workspace_id, user_id) VALUES
('10000000-0000-0000-0000-000000000001', '10000000-0000-0000-0000-000000000001'),
('10000000-0000-0000-0000-000000000002', '10000000-0000-0000-0000-000000000001'),
('10000000-0000-0000-0000-000000000003', '10000000-0000-0000-0000-000000000001');

INSERT INTO project (id, name, created_at, updated_at, deleted_at, created_by, updated_by, workspace_id, budget) VALUES
('10000000-0000-0000-0000-000000000001', 'Project 1', '2025-11-01 10:30:00', '2025-11-01 10:31:00', null, '10000000-0000-0000-0000-000000000001', '10000000-0000-0000-0000-000000000001', '10000000-0000-0000-0000-000000000001', 10000.00),
('10000000-0000-0000-0000-000000000002', 'Project 2', '2025-11-01 10:30:00', '2025-11-01 10:31:00', null, '10000000-0000-0000-0000-000000000001', '10000000-0000-0000-0000-000000000001', '10000000-0000-0000-0000-000000000001', 20000.00),
('10000000-0000-0000-0000-000000000003', 'Project 3', '2025-11-01 10:30:00', '2025-11-01 10:31:00', '2025-11-01 10:32:00', '10000000-0000-0000-0000-000000000001', '10000000-0000-0000-0000-000000000001', '10000000-0000-0000-0000-000000000001', 20000.00);

INSERT INTO item (id, name, created_at, updated_at, deleted_at, created_by, updated_by, workspace_id, unit_of_measurement) VALUES
('10000000-0000-0000-0000-000000000001', 'Item 1', '2025-11-01 10:30:00', '2025-11-01 10:31:00', null, '10000000-0000-0000-0000-000000000001', '10000000-0000-0000-0000-000000000001', '10000000-0000-0000-0000-000000000001', 'kg'),
('10000000-0000-0000-0000-000000000002', 'Item 2', '2025-11-01 10:30:00', '2025-11-01 10:31:00', null, '10000000-0000-0000-0000-000000000001', '10000000-0000-0000-0000-000000000001', '10000000-0000-0000-0000-000000000001', 'packages'),
('10000000-0000-0000-0000-000000000003', 'Item 3', '2025-11-01 10:30:00', '2025-11-01 10:31:00', '2025-11-01 10:32:00', '10000000-0000-0000-0000-000000000001', '10000000-0000-0000-0000-000000000001', '10000000-0000-0000-0000-000000000001', 'kg');

INSERT INTO expense (id, name, created_at, updated_at, deleted_at, created_by, updated_by, workspace_id, project_id, expense_type, expense_class, value, notes) VALUES
('10000000-0000-0000-0000-000000000001', 'Expense 1', '2025-11-01 10:30:00', '2025-11-01 10:31:00', null, '10000000-0000-0000-0000-000000000001', '10000000-0000-0000-0000-000000000001', '10000000-0000-0000-0000-000000000001', '10000000-0000-0000-0000-000000000001', 'MATERIAL', 'EXECUTION', 100, 'Initial expense'),
('10000000-0000-0000-0000-000000000002', 'Expense 2', '2025-11-01 10:30:00', '2025-11-01 10:31:00', null, '10000000-0000-0000-0000-000000000001', '10000000-0000-0000-0000-000000000001', '10000000-0000-0000-0000-000000000001', '10000000-0000-0000-0000-000000000001', 'SERVICE', 'PLANNING', 200, null),
('10000000-0000-0000-0000-000000000003', 'Expense 3', '2025-11-01 10:30:00', '2025-11-01 10:31:00', '2025-11-01 10:32:00', '10000000-0000-0000-0000-000000000001', '10000000-0000-0000-0000-000000000001', '10000000-0000-0000-0000-000000000001', '10000000-0000-0000-0000-000000000001', 'SERVICE', 'PLANNING', 300, null);

INSERT INTO expense_has_item (expense_id, item_id) VALUES
('10000000-0000-0000-0000-000000000001', '10000000-0000-0000-0000-000000000001'),
('10000000-0000-0000-0000-000000000002', '10000000-0000-0000-0000-000000000001'),
('10000000-0000-0000-0000-000000000002', '10000000-0000-0000-0000-000000000002'),
('10000000-0000-0000-0000-000000000003', '10000000-0000-0000-0000-000000000003');

INSERT INTO task (id, name, created_at, updated_at, deleted_at, created_by, updated_by, workspace_id, project_id, planned_start_date, planned_end_date, actual_start_date, actual_end_date, status, progress) VALUES
('10000000-0000-0000-0000-000000000001', 'Task 1', '2025-11-01 10:30:00', '2025-11-01 10:31:00', null, '10000000-0000-0000-0000-000000000001', '10000000-0000-0000-0000-000000000001', '10000000-0000-0000-0000-000000000001', '10000000-0000-0000-0000-000000000001', '2025-11-02 10:31:00', '2025-11-03 10:31:00', '2025-11-04 10:31:00', '2025-11-05 10:31:00', 'IN_PROGRESS', 40),
('10000000-0000-0000-0000-000000000002', 'Task 2', '2025-11-01 10:30:00', '2025-11-01 10:31:00', null, '10000000-0000-0000-0000-000000000001', '10000000-0000-0000-0000-000000000001', '10000000-0000-0000-0000-000000000001', '10000000-0000-0000-0000-000000000001', null, null, null, null, 'TODO', 0),
('10000000-0000-0000-0000-000000000003', 'Task 3', '2025-11-01 10:30:00', '2025-11-01 10:31:00', '2025-11-01 10:32:00', '10000000-0000-0000-0000-000000000001', '10000000-0000-0000-0000-000000000001', '10000000-0000-0000-0000-000000000001', '10000000-0000-0000-0000-000000000001', null, null, '2025-11-04 10:31:00', '2025-11-05 10:31:00', 'DONE', 100);

INSERT INTO task_history (id, task_id, created_at, created_by, progress, notes, status) VALUES
('10000000-0000-0000-0000-000000000001', '10000000-0000-0000-0000-000000000001', '2025-11-01 10:31:00', '10000000-0000-0000-0000-000000000001', 10, 'Started working on the task', 'IN_PROGRESS'),
('10000000-0000-0000-0000-000000000002', '10000000-0000-0000-0000-000000000001', '2025-11-02 10:31:00', '10000000-0000-0000-0000-000000000001', 40, 'Made significant progress', 'DONE'),
('10000000-0000-0000-0000-000000000003', '10000000-0000-0000-0000-000000000003', '2025-11-03 10:31:00', '10000000-0000-0000-0000-000000000001', 100, 'Task completed successfully', 'IN_PROGRESS');

INSERT INTO file_document (id, name, created_at, updated_at, deleted_at, created_by, updated_by, workspace_id, file_type) VALUES
('10000000-0000-0000-0000-000000000001', 'File 1', '2025-11-01 10:30:00', '2025-11-01 10:31:00', null, '10000000-0000-0000-0000-000000000001', '10000000-0000-0000-0000-000000000001', '10000000-0000-0000-0000-000000000001', 'PHOTO'),
('10000000-0000-0000-0000-000000000002', 'File 2', '2025-11-01 10:30:00', '2025-11-01 10:31:00', null, '10000000-0000-0000-0000-000000000001', '10000000-0000-0000-0000-000000000001', '10000000-0000-0000-0000-000000000001', 'PHOTO'),
('10000000-0000-0000-0000-000000000003', 'File 3', '2025-11-01 10:30:00', '2025-11-01 10:31:00', '2025-11-01 10:32:00', '10000000-0000-0000-0000-000000000001', '10000000-0000-0000-0000-000000000001', '10000000-0000-0000-0000-000000000001', 'PHOTO');

INSERT INTO task_history_has_file (task_history_id, file_document_id) VALUES
('10000000-0000-0000-0000-000000000001', '10000000-0000-0000-0000-000000000001'),
('10000000-0000-0000-0000-000000000001', '10000000-0000-0000-0000-000000000002');